query, clicks, impressions, ctr, position
منتجات الصحة الزوجية, 25, 600, 0.0417, 4.1
عسل ملكي رجالي, 12, 320, 0.0375, 4.6
كيف اتاخر في القذف, 8, 280, 0.0286, 5.7
ضعف الانتصاب, 7, 260, 0.0269, 5.9
منتج تأخير, 6, 240, 0.0250, 6.4
اليسر ميديكال, 18, 220, 0.0818, 1.8
كيف اكبر العضو, 3, 210, 0.0143, 8.8
بخاخ تاخير, 5, 190, 0.0263, 6.8
جل تاخير, 4, 150, 0.0267, 7.3
مكملات رجالي, 4, 130, 0.0308, 6.2
اليسر, 9, 95, 0.0947, 1.4
ما هو العسل الملكي, 3, 85, 0.0353, 7.1
شحن سري مصر, 2, 75, 0.0267, 9.2
تمارين كيجل للرجال, 2, 65, 0.0308, 8.3
elysr medical, 4, 60, 0.0667, 2.1
